declared_frequency,count,mae,hit_rate_1,hit_rate_2,interval_coverage
biweekly,5674,2.182410997532605,0.4406062742333451,0.6179062389848431,0.635001762425097
monthly,927,1.1542610571736784,0.6709816612729234,0.8209277238403452,0.6806903991370011
semimonthly,1845,1.7902439024390244,0.5094850948509485,0.6840108401084011,0.6883468834688347
weekly,6708,1.6714370900417412,0.560077519379845,0.7476147883124628,0.605247465712582
