{
  "count": 15154,
  "mae": 1.845585324006863,
  "hit_rate_1": 0.5159693810215125,
  "hit_rate_2": 0.6957898904579649,
  "interval_coverage": 0.6311204962386169
}